timeStamp,elapsed,label,responseCode,responseMessage,threadName,dataType,success,failureMessage,bytes,sentBytes,grpThreads,allThreads,URL,Latency,IdleTime,Connect
1676257752639,2722,home_page,200,OK,Thread Group 1-2,text,true,,8200,114,7,7,https://flooded.io/,2717,0,2115
1676257754547,1510,home_page,200,OK,Thread Group 1-6,text,true,,8200,114,8,8,https://flooded.io/,1510,0,926
1676257755020,1545,home_page,200,OK,Thread Group 1-4,text,true,,8200,114,9,9,https://flooded.io/,1545,0,938
1676257756202,692,home_page,200,OK,Thread Group 1-5,text,true,,8200,114,10,10,https://flooded.io/,692,0,104
1676257756707,706,home_page,200,OK,Thread Group 1-1,text,true,,8200,114,10,10,https://flooded.io/,705,0,109
1676257756861,697,home_page,200,OK,Thread Group 1-9,text,true,,8200,114,11,11,https://flooded.io/,697,0,115
1676257757726,585,home_page,200,OK,Thread Group 1-4,text,true,,8200,114,12,12,https://flooded.io/,585,0,0
1676257757743,594,home_page,200,OK,Thread Group 1-9,text,true,,8200,114,12,12,https://flooded.io/,594,0,0
1676257757704,689,home_page,200,OK,Thread Group 1-3,text,true,,8200,114,12,12,https://flooded.io/,689,0,105
1676257757984,1468,home_page,200,OK,Thread Group 1-7,text,true,,8200,114,14,14,https://flooded.io/,1468,0,890
1676257758994,587,home_page,200,OK,Thread Group 1-5,text,true,,8200,114,14,14,https://flooded.io/,587,0,0
1676257758094,1564,home_page,200,OK,Thread Group 1-10,text,true,,8200,114,14,14,https://flooded.io/,1564,0,909
1676257759100,595,home_page,200,OK,Thread Group 1-1,text,true,,8200,114,14,14,https://flooded.io/,595,0,0
1676257759871,595,home_page,200,OK,Thread Group 1-4,text,true,,8200,114,16,16,https://flooded.io/,595,0,0
1676257760382,696,home_page,200,OK,Thread Group 1-13,text,true,,8200,114,17,17,https://flooded.io/,696,0,103
1676257760499,689,home_page,200,OK,Thread Group 1-15,text,true,,8200,114,17,17,https://flooded.io/,689,0,104
1676257760640,688,home_page,200,OK,Thread Group 1-16,text,true,,8200,114,17,17,https://flooded.io/,687,0,102
1676257760840,580,home_page,200,OK,Thread Group 1-7,text,true,,8200,114,17,17,https://flooded.io/,580,0,0
1676257761424,579,home_page,200,OK,Thread Group 1-9,text,true,,8200,114,18,18,https://flooded.io/,579,0,0
1676257761687,691,home_page,200,OK,Thread Group 1-17,text,true,,8200,114,19,19,https://flooded.io/,691,0,101
1676257762354,610,home_page,200,OK,Thread Group 1-6,text,true,,8200,114,20,20,https://flooded.io/,610,0,0
1676257762749,578,home_page,200,OK,Thread Group 1-5,text,true,,8200,114,20,20,https://flooded.io/,578,0,0
1676257762923,790,home_page,200,OK,Thread Group 1-19,text,true,,8200,114,21,21,https://flooded.io/,789,0,196
1676257762954,798,home_page,200,OK,Thread Group 1-11,text,true,,8200,114,21,21,https://flooded.io/,798,0,201
1676257763324,579,home_page,200,OK,Thread Group 1-2,text,true,,8200,114,21,21,https://flooded.io/,579,0,0
1676257763343,696,home_page,200,OK,Thread Group 1-1,text,true,,8200,114,22,22,https://flooded.io/,696,0,0
1676257763480,694,home_page,200,OK,Thread Group 1-20,text,true,,8200,114,22,22,https://flooded.io/,694,0,110
1676257763930,595,home_page,200,OK,Thread Group 1-16,text,true,,8200,114,22,22,https://flooded.io/,595,0,0
1676257764090,581,home_page,200,OK,Thread Group 1-17,text,true,,8200,114,23,23,https://flooded.io/,581,0,0
1676257764293,690,home_page,200,OK,Thread Group 1-21,text,true,,8200,114,23,23,https://flooded.io/,690,0,102
1676257764510,594,home_page,200,OK,Thread Group 1-5,text,true,,8200,114,23,23,https://flooded.io/,594,0,0
1676257764536,588,home_page,200,OK,Thread Group 1-15,text,true,,8200,114,23,23,https://flooded.io/,588,0,0
1676257764618,579,home_page,200,OK,Thread Group 1-13,text,true,,8200,114,23,23,https://flooded.io/,579,0,0
1676257764680,609,home_page,200,OK,Thread Group 1-1,text,true,,8200,114,24,24,https://flooded.io/,609,0,0
1676257765128,584,home_page,200,OK,Thread Group 1-21,text,true,,8200,114,24,24,https://flooded.io/,584,0,0
1676257765293,588,home_page,200,OK,Thread Group 1-3,text,true,,8200,114,25,25,https://flooded.io/,588,0,0
1676257765408,586,home_page,200,OK,Thread Group 1-17,text,true,,8200,114,25,25,https://flooded.io/,586,0,0
1676257765448,598,home_page,200,OK,Thread Group 1-16,text,true,,8200,114,25,25,https://flooded.io/,598,0,0
1676257766011,594,home_page,200,OK,Thread Group 1-20,text,true,,8200,114,26,26,https://flooded.io/,594,0,0
1676257766054,848,home_page,200,OK,Thread Group 1-16,text,true,,8200,114,26,26,https://flooded.io/,848,0,0
1676257766578,683,home_page,200,OK,Thread Group 1-25,text,true,,8200,114,27,27,https://flooded.io/,683,0,99
1676257766675,685,home_page,200,OK,Thread Group 1-11,text,true,,8200,114,27,27,https://flooded.io/,685,0,0
1676257766939,586,home_page,200,OK,Thread Group 1-4,text,true,,8200,114,27,27,https://flooded.io/,586,0,0
1676257767074,681,home_page,200,OK,Thread Group 1-18,text,true,,8200,114,28,28,https://flooded.io/,681,0,100
1676257767568,585,home_page,200,OK,Thread Group 1-11,text,true,,8200,114,28,28,https://flooded.io/,585,0,0
1676257767649,596,home_page,200,OK,Thread Group 1-21,text,true,,8200,114,29,29,https://flooded.io/,596,0,0
1676257767578,685,home_page,200,OK,Thread Group 1-23,text,true,,8200,114,29,29,https://flooded.io/,685,0,99
1676257767892,579,home_page,200,OK,Thread Group 1-4,text,true,,8200,114,29,29,https://flooded.io/,579,0,0
1676257767952,689,home_page,200,OK,Thread Group 1-26,text,true,,8200,114,29,29,https://flooded.io/,689,0,105
1676257768134,584,home_page,200,OK,Thread Group 1-13,text,true,,8200,114,29,29,https://flooded.io/,584,0,0
1676257768246,598,home_page,200,OK,Thread Group 1-2,text,true,,8200,114,30,30,https://flooded.io/,598,0,0
1676257768223,694,home_page,200,OK,Thread Group 1-12,text,true,,8200,114,30,30,https://flooded.io/,694,0,102
1676257768489,579,home_page,200,OK,Thread Group 1-9,text,true,,8200,114,30,30,https://flooded.io/,579,0,0
1676257768798,693,home_page,200,OK,Thread Group 1-8,text,true,,8200,114,31,31,https://flooded.io/,693,0,98
1676257769061,681,home_page,200,OK,Thread Group 1-27,text,true,,8200,114,31,31,https://flooded.io/,681,0,103
1676257769168,685,home_page,200,OK,Thread Group 1-29,text,true,,8200,114,31,31,https://flooded.io/,685,0,100
1676257769412,589,home_page,200,OK,Thread Group 1-23,text,true,,8200,114,31,31,https://flooded.io/,589,0,0
1676257769539,584,home_page,200,OK,Thread Group 1-7,text,true,,8200,114,32,32,https://flooded.io/,584,0,0
1676257769424,700,home_page,200,OK,Thread Group 1-14,text,true,,8200,114,32,32,https://flooded.io/,700,0,109
1676257770052,589,home_page,200,OK,Thread Group 1-15,text,true,,8200,114,33,33,https://flooded.io/,589,0,0
1676257770076,594,home_page,200,OK,Thread Group 1-19,text,true,,8200,114,33,33,https://flooded.io/,594,0,0
1676257769596,1394,home_page,200,OK,Thread Group 1-6,text,true,,8200,114,32,32,https://flooded.io/,1394,0,0
1676257770689,600,home_page,200,OK,Thread Group 1-3,text,true,,8200,114,33,33,https://flooded.io/,600,0,0
1676257770804,582,home_page,200,OK,Thread Group 1-18,text,true,,8200,114,33,33,https://flooded.io/,582,0,0
1676257770817,583,home_page,200,OK,Thread Group 1-25,text,true,,8200,114,33,33,https://flooded.io/,583,0,0
1676257771308,697,home_page,200,OK,Thread Group 1-32,text,true,,8200,114,34,34,https://flooded.io/,697,0,112
1676257771568,676,home_page,200,OK,Thread Group 1-10,text,true,,8200,114,34,34,https://flooded.io/,676,0,0
1676257772044,589,home_page,200,OK,Thread Group 1-16,text,true,,8200,114,35,35,https://flooded.io/,589,0,0
1676257772628,584,home_page,200,OK,Thread Group 1-4,text,true,,8200,114,36,36,https://flooded.io/,584,0,0
1676257772533,770,home_page,200,OK,Thread Group 1-30,text,true,,8200,114,36,36,https://flooded.io/,770,0,103
1676257772909,592,home_page,200,OK,Thread Group 1-18,text,true,,8200,114,36,36,https://flooded.io/,592,0,0
1676257772991,588,home_page,200,OK,Thread Group 1-2,text,true,,8200,114,36,36,https://flooded.io/,588,0,0
1676257773065,647,home_page,200,OK,Thread Group 1-11,text,true,,8200,114,37,37,https://flooded.io/,647,0,0
1676257773060,682,home_page,200,OK,Thread Group 1-36,text,true,,8200,114,37,37,https://flooded.io/,682,0,102
1676257773158,684,home_page,200,OK,Thread Group 1-28,text,true,,8200,114,37,37,https://flooded.io/,684,0,104
1676257773261,590,home_page,200,OK,Thread Group 1-32,text,true,,8200,114,37,37,https://flooded.io/,589,0,0
1676257773454,594,home_page,200,OK,Thread Group 1-16,text,true,,8200,114,37,37,https://flooded.io/,594,0,0
1676257773664,586,home_page,200,OK,Thread Group 1-9,text,true,,8200,114,38,38,https://flooded.io/,586,0,0
1676257773693,584,home_page,200,OK,Thread Group 1-15,text,true,,8200,114,38,38,https://flooded.io/,583,0,0
1676257774293,697,home_page,200,OK,Thread Group 1-11,text,true,,8200,114,39,39,https://flooded.io/,697,0,0
1676257774462,587,home_page,200,OK,Thread Group 1-5,text,true,,8200,114,39,39,https://flooded.io/,587,0,0
1676257774585,596,home_page,200,OK,Thread Group 1-13,text,true,,8200,114,39,39,https://flooded.io/,596,0,0
1676257774683,584,home_page,200,OK,Thread Group 1-17,text,true,,8200,114,38,38,https://flooded.io/,584,0,0
1676257774925,585,home_page,200,OK,Thread Group 1-12,text,true,,8200,114,38,38,https://flooded.io/,585,0,0
1676257774978,592,home_page,200,OK,Thread Group 1-30,text,true,,8200,114,38,38,https://flooded.io/,592,0,0
1676257775630,586,home_page,200,OK,Thread Group 1-9,text,true,,8200,114,39,39,https://flooded.io/,586,0,0
1676257775430,794,home_page,200,OK,Thread Group 1-31,text,true,,8200,114,39,39,https://flooded.io/,794,0,120
1676257775707,585,home_page,200,OK,Thread Group 1-8,text,true,,8200,114,39,39,https://flooded.io/,585,0,0
1676257776187,585,home_page,200,OK,Thread Group 1-1,text,true,,8200,114,38,38,https://flooded.io/,585,0,0
1676257776273,582,home_page,200,OK,Thread Group 1-26,text,true,,8200,114,37,37,https://flooded.io/,582,0,0
1676257776403,677,home_page,200,OK,Thread Group 1-38,text,true,,8200,114,37,37,https://flooded.io/,677,0,98
1676257776587,640,home_page,200,OK,Thread Group 1-14,text,true,,8200,114,37,37,https://flooded.io/,640,0,0
1676257776504,827,home_page,200,OK,Thread Group 1-42,text,true,,8200,114,37,37,https://flooded.io/,827,0,101
1676257776621,710,home_page,200,OK,Thread Group 1-17,text,true,,8200,114,37,37,https://flooded.io/,709,0,0
1676257776798,623,home_page,200,OK,Thread Group 1-10,text,true,,8200,114,37,37,https://flooded.io/,623,0,0
1676257776936,589,home_page,200,OK,Thread Group 1-30,text,true,,8200,114,37,37,https://flooded.io/,589,0,0
1676257777125,585,home_page,200,OK,Thread Group 1-2,text,true,,8200,114,37,37,https://flooded.io/,585,0,0
1676257777089,687,home_page,200,OK,Thread Group 1-34,text,true,,8200,114,36,36,https://flooded.io/,687,0,100
1676257777301,594,home_page,200,OK,Thread Group 1-4,text,true,,8200,114,35,35,https://flooded.io/,594,0,0
1676257777319,644,home_page,200,OK,Thread Group 1-15,text,true,,8200,114,34,34,https://flooded.io/,644,0,0
1676257777446,587,home_page,200,OK,Thread Group 1-21,text,true,,8200,114,34,34,https://flooded.io/,587,0,0
1676257776670,1441,home_page,200,OK,Thread Group 1-9,text,true,,8200,114,34,34,https://flooded.io/,1440,0,0
1676257777369,742,home_page,200,OK,Thread Group 1-39,text,true,,8200,114,34,34,https://flooded.io/,741,0,112
1676257777652,687,home_page,200,OK,Thread Group 1-33,text,true,,8200,114,34,34,https://flooded.io/,687,0,102
1676257777737,668,home_page,200,OK,Thread Group 1-25,text,true,,8200,114,34,34,https://flooded.io/,668,0,0
1676257777874,588,home_page,200,OK,Thread Group 1-6,text,true,,8200,114,33,33,https://flooded.io/,588,0,0
1676257778040,592,home_page,200,OK,Thread Group 1-3,text,true,,8200,114,32,32,https://flooded.io/,591,0,0
1676257778260,591,home_page,200,OK,Thread Group 1-9,text,true,,8200,114,31,31,https://flooded.io/,591,0,0
1676257777483,1422,home_page,200,OK,Thread Group 1-29,text,true,,8200,114,30,30,https://flooded.io/,1421,0,0
1676257777447,1519,home_page,200,OK,Thread Group 1-14,text,true,,8200,114,30,30,https://flooded.io/,1518,0,0
1676257778542,584,home_page,200,OK,Thread Group 1-31,text,true,,8200,114,30,30,https://flooded.io/,584,0,0
1676257778575,585,home_page,200,OK,Thread Group 1-26,text,true,,8200,114,30,30,https://flooded.io/,585,0,0
1676257777766,1431,home_page,200,OK,Thread Group 1-20,text,true,,8200,114,30,30,https://flooded.io/,1431,0,0
1676257777675,1532,home_page,200,OK,Thread Group 1-37,text,true,,8200,114,29,29,https://flooded.io/,1532,0,101
1676257778622,585,home_page,200,OK,Thread Group 1-21,text,true,,8200,114,29,29,https://flooded.io/,585,0,0
1676257778703,579,home_page,200,OK,Thread Group 1-27,text,true,,8200,114,28,28,https://flooded.io/,579,0,0
1676257777804,1480,home_page,200,OK,Thread Group 1-12,text,true,,8200,114,28,28,https://flooded.io/,1480,0,0
1676257778703,589,home_page,200,OK,Thread Group 1-36,text,true,,8200,114,27,27,https://flooded.io/,589,0,0
1676257778870,601,home_page,200,OK,Thread Group 1-16,text,true,,8200,114,27,27,https://flooded.io/,601,0,0
1676257778913,588,home_page,200,OK,Thread Group 1-39,text,true,,8200,114,26,26,https://flooded.io/,588,0,0
1676257778881,660,home_page,200,OK,Thread Group 1-5,text,true,,8200,114,25,25,https://flooded.io/,660,0,0
1676257779045,690,home_page,200,OK,Thread Group 1-24,text,true,,8200,114,25,25,https://flooded.io/,690,0,103
1676257779299,585,home_page,200,OK,Thread Group 1-30,text,true,,8200,114,25,25,https://flooded.io/,585,0,0
1676257779350,577,home_page,200,OK,Thread Group 1-33,text,true,,8200,114,24,24,https://flooded.io/,577,0,0
1676257779425,592,home_page,200,OK,Thread Group 1-38,text,true,,8200,114,23,23,https://flooded.io/,592,0,0
1676257779664,594,home_page,200,OK,Thread Group 1-31,text,true,,8200,114,22,22,https://flooded.io/,593,0,0
1676257779632,628,home_page,200,OK,Thread Group 1-14,text,true,,8200,114,21,21,https://flooded.io/,628,0,0
1676257779726,588,home_page,200,OK,Thread Group 1-18,text,true,,8200,114,20,20,https://flooded.io/,588,0,0
1676257779763,601,home_page,200,OK,Thread Group 1-36,text,true,,8200,114,19,19,https://flooded.io/,601,0,0
1676257779803,764,home_page,200,OK,Thread Group 1-35,text,true,,8200,114,18,18,https://flooded.io/,764,0,101
1676257779944,653,home_page,200,OK,Thread Group 1-28,text,true,,8200,114,17,17,https://flooded.io/,653,0,0
1676257780020,598,home_page,200,OK,Thread Group 1-7,text,true,,8200,114,16,16,https://flooded.io/,598,0,0
1676257779955,716,home_page,200,OK,Thread Group 1-29,text,true,,8200,114,15,15,https://flooded.io/,716,0,0
1676257779893,802,home_page,200,OK,Thread Group 1-22,text,true,,8200,114,14,14,https://flooded.io/,802,0,102
1676257779851,848,home_page,200,OK,Thread Group 1-17,text,true,,8200,114,13,13,https://flooded.io/,848,0,0
1676257780261,590,home_page,200,OK,Thread Group 1-23,text,true,,8200,114,12,12,https://flooded.io/,590,0,0
1676257780357,597,home_page,200,OK,Thread Group 1-24,text,true,,8200,114,11,11,https://flooded.io/,597,0,0
1676257780369,595,home_page,200,OK,Thread Group 1-11,text,true,,8200,114,11,11,https://flooded.io/,595,0,0
1676257780412,589,home_page,200,OK,Thread Group 1-10,text,true,,8200,114,10,10,https://flooded.io/,589,0,0
1676257780569,590,home_page,200,OK,Thread Group 1-27,text,true,,8200,114,9,9,https://flooded.io/,590,0,0
1676257780630,582,home_page,200,OK,Thread Group 1-37,text,true,,8200,114,8,8,https://flooded.io/,582,0,0
1676257780576,702,home_page,200,OK,Thread Group 1-40,text,true,,8200,114,7,7,https://flooded.io/,702,0,102
1676257780714,595,home_page,200,OK,Thread Group 1-15,text,true,,8200,114,6,6,https://flooded.io/,595,0,0
1676257781005,587,home_page,200,OK,Thread Group 1-32,text,true,,8200,114,5,5,https://flooded.io/,587,0,0
1676257781207,594,home_page,200,OK,Thread Group 1-42,text,true,,8200,114,4,4,https://flooded.io/,593,0,0
1676257781165,690,home_page,200,OK,Thread Group 1-48,text,true,,8200,114,3,3,https://flooded.io/,690,0,100
1676257781277,588,home_page,200,OK,Thread Group 1-26,text,true,,8200,114,2,2,https://flooded.io/,588,0,0
1676257781425,593,home_page,200,OK,Thread Group 1-24,text,true,,8200,114,1,1,https://flooded.io/,593,0,0
